Clinic;Address;Operator;
ROLAND CONSULT Stasche & Finger GmbH;;;
Patient;Sex;Age;DateOfBirth;TestDate;PatId
SCOTOPIC, PSAMMOMYS;F;;2020-11-24;01/01/2009 01:08:20;
Class;RETIport;
Chan;Name;Range(+/-[V]);LowCut[Hz];HighCut[Hz];StimCode;StimDev;StimFreq;
1;R-1 scotopic 1.0;0.00100000004749745;1;300;20;Ganzfeld Q450;0.06;
2;L-2 scotopic 1.0;0.00100000004749745;1;300;20;Ganzfeld Q450;0.06;
3;R-1 scotopic 3.0;0.00100000004749745;1;300;20;Ganzfeld Q450;0.06;
4;L-2 scotopic 3.0;0.00100000004749745;1;300;20;Ganzfeld Q450;0.06;
5;R-1 scotopic 10.0;0.00100000004749745;1;300;20;Ganzfeld Q450;0.06;
6;L-2 scotopic 10.0;0.00100000004749745;1;300;20;Ganzfeld Q450;0.06;
Plots of Group;3;scotopic single flash 3
Length;512;Dist[s];7.82779E-4;Channels;6
RAW DATA SECTION:;(v2: vertically stored)
Index;Time[s];Channel Values[V]
;;1;2;3;4;5;6;
;;R-1 scotopic 1.0;L-2 scotopic 1.0;R-1 scotopic 3.0;L-2 scotopic 3.0;R-1 scotopic 10.0;L-2 scotopic 10.0;
1;0.000E+0000;0.000E+0000;0.000E+0000;0.000E+0000;0.000E+0000;1.904E-0005;2.332E-0005;
2;7.828E-0004;0.000E+0000;0.000E+0000;0.000E+0000;0.000E+0000;1.830E-0005;2.332E-0005;
3;1.566E-0003;0.000E+0000;0.000E+0000;0.000E+0000;0.000E+0000;1.488E-0005;1.899E-0005;
4;2.348E-0003;0.000E+0000;0.000E+0000;0.000E+0000;0.000E+0000;1.391E-0005;1.581E-0005;
5;3.131E-0003;0.000E+0000;0.000E+0000;0.000E+0000;0.000E+0000;1.214E-0005;1.093E-0005;
6;3.914E-0003;0.000E+0000;0.000E+0000;0.000E+0000;0.000E+0000;1.037E-0005;6.170E-0006;
7;4.697E-0003;0.000E+0000;0.000E+0000;0.000E+0000;0.000E+0000;8.415E-0006;1.348E-0006;
8;5.479E-0003;0.000E+0000;0.000E+0000;0.000E+0000;0.000E+0000;1.000E-0005;-2.497E-0006;
9;6.262E-0003;0.000E+0000;0.000E+0000;0.000E+0000;0.000E+0000;8.293E-0006;-8.540E-0006;
10;7.045E-0003;0.000E+0000;0.000E+0000;0.000E+0000;0.000E+0000;7.858E-0007;-1.403E-0005;
11;7.828E-0003;0.000E+0000;0.000E+0000;0.000E+0000;0.000E+0000;-8.186E-0006;-2.087E-0005;
12;8.611E-0003;0.000E+0000;0.000E+0000;0.000E+0000;0.000E+0000;-1.624E-0005;-2.905E-0005;
13;9.393E-0003;0.000E+0000;0.000E+0000;0.000E+0000;0.000E+0000;-2.332E-0005;-3.747E-0005;
14;1.018E-0002;0.000E+0000;0.000E+0000;0.000E+0000;0.000E+0000;-3.071E-0005;-4.571E-0005;
15;1.096E-0002;0.000E+0000;0.000E+0000;0.000E+0000;0.000E+0000;-4.255E-0005;-5.578E-0005;
16;1.174E-0002;0.000E+0000;0.000E+0000;0.000E+0000;0.000E+0000;-5.378E-0005;-6.689E-0005;
17;1.252E-0002;0.000E+0000;0.000E+0000;0.000E+0000;0.000E+0000;-6.324E-0005;-7.763E-0005;
18;1.331E-0002;0.000E+0000;0.000E+0000;0.000E+0000;0.000E+0000;-6.934E-0005;-9.014E-0005;
19;1.409E-0002;0.000E+0000;0.000E+0000;0.000E+0000;0.000E+0000;-7.392E-0005;-9.948E-0005;
20;1.487E-0002;0.000E+0000;0.000E+0000;0.000E+0000;0.000E+0000;-7.752E-0005;-1.050E-0004;
21;1.566E-0002;0.000E+0000;0.000E+0000;0.000E+0000;0.000E+0000;-8.070E-0005;-1.081E-0004;
22;1.644E-0002;0.000E+0000;0.000E+0000;0.000E+0000;0.000E+0000;-8.326E-0005;-1.076E-0004;
23;1.722E-0002;0.000E+0000;0.000E+0000;0.000E+0000;0.000E+0000;-8.375E-0005;-1.063E-0004;
24;1.800E-0002;0.000E+0000;0.000E+0000;0.000E+0000;0.000E+0000;-8.137E-0005;-1.036E-0004;
25;1.879E-0002;0.000E+0000;0.000E+0000;0.000E+0000;0.000E+0000;-7.887E-0005;-9.924E-0005;
26;1.957E-0002;0.000E+0000;0.000E+0000;0.000E+0000;0.000E+0000;-8.064E-0005;-9.649E-0005;
27;2.035E-0002;0.000E+0000;0.000E+0000;0.000E+0000;0.000E+0000;-8.369E-0005;-9.417E-0005;
28;2.114E-0002;0.000E+0000;0.000E+0000;0.000E+0000;0.000E+0000;-8.491E-0005;-9.265E-0005;
29;2.192E-0002;0.000E+0000;0.000E+0000;0.000E+0000;0.000E+0000;-8.521E-0005;-9.216E-0005;
30;2.270E-0002;0.000E+0000;0.000E+0000;0.000E+0000;0.000E+0000;-8.485E-0005;-8.984E-0005;
31;2.348E-0002;0.000E+0000;0.000E+0000;0.000E+0000;0.000E+0000;-7.697E-0005;-8.172E-0005;
32;2.427E-0002;0.000E+0000;0.000E+0000;0.000E+0000;0.000E+0000;-6.452E-0005;-6.732E-0005;
33;2.505E-0002;0.000E+0000;0.000E+0000;0.000E+0000;0.000E+0000;-5.384E-0005;-5.242E-0005;
34;2.583E-0002;0.000E+0000;0.000E+0000;0.000E+0000;0.000E+0000;-4.353E-0005;-3.765E-0005;
35;2.661E-0002;0.000E+0000;0.000E+0000;0.000E+0000;0.000E+0000;-3.284E-0005;-2.575E-0005;
36;2.740E-0002;0.000E+0000;0.000E+0000;0.000E+0000;0.000E+0000;-2.314E-0005;-2.056E-0005;
37;2.818E-0002;0.000E+0000;0.000E+0000;0.000E+0000;0.000E+0000;-2.094E-0005;-2.270E-0005;
38;2.896E-0002;0.000E+0000;0.000E+0000;0.000E+0000;0.000E+0000;-3.168E-0005;-3.271E-0005;
39;2.975E-0002;0.000E+0000;0.000E+0000;0.000E+0000;0.000E+0000;-4.798E-0005;-4.736E-0005;
40;3.053E-0002;0.000E+0000;0.000E+0000;0.000E+0000;0.000E+0000;-6.019E-0005;-5.889E-0005;
41;3.131E-0002;0.000E+0000;0.000E+0000;0.000E+0000;0.000E+0000;-6.434E-0005;-6.420E-0005;
42;3.209E-0002;0.000E+0000;0.000E+0000;0.000E+0000;0.000E+0000;-5.866E-0005;-5.834E-0005;
43;3.288E-0002;0.000E+0000;0.000E+0000;0.000E+0000;0.000E+0000;-4.707E-0005;-4.498E-0005;
44;3.366E-0002;0.000E+0000;0.000E+0000;0.000E+0000;0.000E+0000;-2.882E-0005;-2.252E-0005;
45;3.444E-0002;0.000E+0000;0.000E+0000;0.000E+0000;0.000E+0000;-6.660E-0006;5.498E-0006;
46;3.523E-0002;0.000E+0000;0.000E+0000;0.000E+0000;0.000E+0000;1.665E-0005;3.071E-0005;
47;3.601E-0002;0.000E+0000;0.000E+0000;0.000E+0000;0.000E+0000;3.692E-0005;4.938E-0005;
48;3.679E-0002;0.000E+0000;0.000E+0000;0.000E+0000;0.000E+0000;4.687E-0005;5.964E-0005;
49;3.757E-0002;0.000E+0000;0.000E+0000;0.000E+0000;0.000E+0000;4.754E-0005;6.116E-0005;
50;3.836E-0002;0.000E+0000;0.000E+0000;0.000E+0000;0.000E+0000;4.308E-0005;5.726E-0005;
51;3.914E-0002;0.000E+0000;0.000E+0000;0.000E+0000;0.000E+0000;3.985E-0005;5.402E-0005;
52;3.992E-0002;0.000E+0000;0.000E+0000;0.000E+0000;0.000E+0000;3.625E-0005;4.969E-0005;
53;4.070E-0002;0.000E+0000;0.000E+0000;0.000E+0000;0.000E+0000;3.484E-0005;4.694E-0005;
54;4.149E-0002;0.000E+0000;0.000E+0000;0.000E+0000;0.000E+0000;3.869E-0005;4.566E-0005;
55;4.227E-0002;0.000E+0000;0.000E+0000;0.000E+0000;0.000E+0000;4.510E-0005;4.896E-0005;
56;4.305E-0002;0.000E+0000;0.000E+0000;0.000E+0000;0.000E+0000;5.346E-0005;5.451E-0005;
57;4.384E-0002;0.000E+0000;0.000E+0000;0.000E+0000;0.000E+0000;6.445E-0005;6.171E-0005;
58;4.462E-0002;0.000E+0000;0.000E+0000;0.000E+0000;0.000E+0000;7.000E-0005;6.635E-0005;
59;4.540E-0002;0.000E+0000;0.000E+0000;0.000E+0000;0.000E+0000;6.829E-0005;7.044E-0005;
60;4.618E-0002;0.000E+0000;0.000E+0000;0.000E+0000;0.000E+0000;6.579E-0005;7.300E-0005;
61;4.697E-0002;0.000E+0000;0.000E+0000;0.000E+0000;0.000E+0000;6.457E-0005;7.654E-0005;
62;4.775E-0002;0.000E+0000;0.000E+0000;0.000E+0000;0.000E+0000;6.298E-0005;7.856E-0005;
63;4.853E-0002;0.000E+0000;0.000E+0000;0.000E+0000;0.000E+0000;6.219E-0005;8.136E-0005;
64;4.932E-0002;0.000E+0000;0.000E+0000;0.000E+0000;0.000E+0000;6.524E-0005;8.783E-0005;
65;5.010E-0002;0.000E+0000;0.000E+0000;0.000E+0000;0.000E+0000;7.384E-0005;9.272E-0005;
66;5.088E-0002;0.000E+0000;0.000E+0000;0.000E+0000;0.000E+0000;8.672E-0005;9.760E-0005;
67;5.166E-0002;0.000E+0000;0.000E+0000;0.000E+0000;0.000E+0000;9.972E-0005;1.047E-0004;
68;5.245E-0002;0.000E+0000;0.000E+0000;0.000E+0000;0.000E+0000;1.128E-0004;1.143E-0004;
69;5.323E-0002;0.000E+0000;0.000E+0000;0.000E+0000;0.000E+0000;1.283E-0004;1.243E-0004;
70;5.401E-0002;0.000E+0000;0.000E+0000;0.000E+0000;0.000E+0000;1.434E-0004;1.389E-0004;
71;5.479E-0002;0.000E+0000;0.000E+0000;0.000E+0000;0.000E+0000;1.540E-0004;1.546E-0004;
72;5.558E-0002;0.000E+0000;0.000E+0000;0.000E+0000;0.000E+0000;1.600E-0004;1.652E-0004;
73;5.636E-0002;0.000E+0000;0.000E+0000;0.000E+0000;0.000E+0000;1.644E-0004;1.719E-0004;
74;5.714E-0002;0.000E+0000;0.000E+0000;0.000E+0000;0.000E+0000;1.680E-0004;1.764E-0004;
75;5.793E-0002;0.000E+0000;0.000E+0000;0.000E+0000;0.000E+0000;1.691E-0004;1.788E-0004;
76;5.871E-0002;0.000E+0000;0.000E+0000;0.000E+0000;0.000E+0000;1.664E-0004;1.788E-0004;
77;5.949E-0002;0.000E+0000;0.000E+0000;0.000E+0000;0.000E+0000;1.625E-0004;1.773E-0004;
78;6.027E-0002;0.000E+0000;0.000E+0000;0.000E+0000;0.000E+0000;1.592E-0004;1.740E-0004;
79;6.106E-0002;0.000E+0000;0.000E+0000;0.000E+0000;0.000E+0000;1.552E-0004;1.687E-0004;
80;6.184E-0002;0.000E+0000;0.000E+0000;0.000E+0000;0.000E+0000;1.497E-0004;1.603E-0004;
81;6.262E-0002;0.000E+0000;0.000E+0000;0.000E+0000;0.000E+0000;1.448E-0004;1.523E-0004;
82;6.341E-0002;0.000E+0000;0.000E+0000;0.000E+0000;0.000E+0000;1.378E-0004;1.429E-0004;
83;6.419E-0002;0.000E+0000;0.000E+0000;0.000E+0000;0.000E+0000;1.305E-0004;1.351E-0004;
84;6.497E-0002;0.000E+0000;0.000E+0000;0.000E+0000;0.000E+0000;1.234E-0004;1.285E-0004;
85;6.575E-0002;0.000E+0000;0.000E+0000;0.000E+0000;0.000E+0000;1.196E-0004;1.242E-0004;
86;6.654E-0002;0.000E+0000;0.000E+0000;0.000E+0000;0.000E+0000;1.157E-0004;1.207E-0004;
87;6.732E-0002;0.000E+0000;0.000E+0000;0.000E+0000;0.000E+0000;1.102E-0004;1.178E-0004;
88;6.810E-0002;0.000E+0000;0.000E+0000;0.000E+0000;0.000E+0000;1.030E-0004;1.123E-0004;
89;6.888E-0002;0.000E+0000;0.000E+0000;0.000E+0000;0.000E+0000;9.643E-0005;1.063E-0004;
90;6.967E-0002;0.000E+0000;0.000E+0000;0.000E+0000;0.000E+0000;9.155E-0005;9.907E-0005;
91;7.045E-0002;0.000E+0000;0.000E+0000;0.000E+0000;0.000E+0000;8.562E-0005;9.089E-0005;
92;7.123E-0002;0.000E+0000;0.000E+0000;0.000E+0000;0.000E+0000;7.720E-0005;7.959E-0005;
93;7.202E-0002;0.000E+0000;0.000E+0000;0.000E+0000;0.000E+0000;7.122E-0005;6.788E-0005;
94;7.280E-0002;0.000E+0000;0.000E+0000;0.000E+0000;0.000E+0000;6.762E-0005;5.518E-0005;
95;7.358E-0002;0.000E+0000;0.000E+0000;0.000E+0000;0.000E+0000;5.968E-0005;4.261E-0005;
96;7.436E-0002;0.000E+0000;0.000E+0000;0.000E+0000;0.000E+0000;5.157E-0005;3.455E-0005;
97;7.515E-0002;0.000E+0000;0.000E+0000;0.000E+0000;0.000E+0000;4.681E-0005;2.863E-0005;
98;7.593E-0002;0.000E+0000;0.000E+0000;0.000E+0000;0.000E+0000;4.613E-0005;2.649E-0005;
99;7.671E-0002;0.000E+0000;0.000E+0000;0.000E+0000;0.000E+0000;4.565E-0005;2.717E-0005;
100;7.750E-0002;0.000E+0000;0.000E+0000;0.000E+0000;0.000E+0000;4.498E-0005;2.906E-0005;
101;7.828E-0002;0.000E+0000;0.000E+0000;0.000E+0000;0.000E+0000;4.357E-0005;3.168E-0005;
102;7.906E-0002;0.000E+0000;0.000E+0000;0.000E+0000;0.000E+0000;4.211E-0005;3.339E-0005;
103;7.984E-0002;0.000E+0000;0.000E+0000;0.000E+0000;0.000E+0000;4.284E-0005;3.284E-0005;
104;8.063E-0002;0.000E+0000;0.000E+0000;0.000E+0000;0.000E+0000;4.278E-0005;3.260E-0005;
105;8.141E-0002;0.000E+0000;0.000E+0000;0.000E+0000;0.000E+0000;4.076E-0005;2.997E-0005;
106;8.219E-0002;0.000E+0000;0.000E+0000;0.000E+0000;0.000E+0000;4.321E-0005;3.150E-0005;
107;8.297E-0002;0.000E+0000;0.000E+0000;0.000E+0000;0.000E+0000;4.809E-0005;3.595E-0005;
108;8.376E-0002;0.000E+0000;0.000E+0000;0.000E+0000;0.000E+0000;5.071E-0005;4.181E-0005;
109;8.454E-0002;0.000E+0000;0.000E+0000;0.000E+0000;0.000E+0000;5.389E-0005;4.822E-0005;
110;8.532E-0002;0.000E+0000;0.000E+0000;0.000E+0000;0.000E+0000;5.883E-0005;5.573E-0005;
111;8.611E-0002;0.000E+0000;0.000E+0000;0.000E+0000;0.000E+0000;6.304E-0005;6.403E-0005;
112;8.689E-0002;0.000E+0000;0.000E+0000;0.000E+0000;0.000E+0000;6.847E-0005;7.209E-0005;
113;8.767E-0002;0.000E+0000;0.000E+0000;0.000E+0000;0.000E+0000;7.665E-0005;8.088E-0005;
114;8.845E-0002;0.000E+0000;0.000E+0000;0.000E+0000;0.000E+0000;8.624E-0005;9.217E-0005;
115;8.924E-0002;0.000E+0000;0.000E+0000;0.000E+0000;0.000E+0000;9.228E-0005;1.027E-0004;
116;9.002E-0002;0.000E+0000;0.000E+0000;0.000E+0000;0.000E+0000;9.643E-0005;1.119E-0004;
117;9.080E-0002;0.000E+0000;0.000E+0000;0.000E+0000;0.000E+0000;1.028E-0004;1.199E-0004;
118;9.159E-0002;0.000E+0000;0.000E+0000;0.000E+0000;0.000E+0000;1.066E-0004;1.245E-0004;
119;9.237E-0002;0.000E+0000;0.000E+0000;0.000E+0000;0.000E+0000;1.038E-0004;1.237E-0004;
120;9.315E-0002;0.000E+0000;0.000E+0000;0.000E+0000;0.000E+0000;9.875E-0005;1.180E-0004;
121;9.393E-0002;0.000E+0000;0.000E+0000;0.000E+0000;0.000E+0000;9.460E-0005;1.134E-0004;
122;9.472E-0002;0.000E+0000;0.000E+0000;0.000E+0000;0.000E+0000;9.289E-0005;1.083E-0004;
123;9.550E-0002;0.000E+0000;0.000E+0000;0.000E+0000;0.000E+0000;8.697E-0005;9.736E-0005;
124;9.628E-0002;0.000E+0000;0.000E+0000;0.000E+0000;0.000E+0000;7.940E-0005;8.716E-0005;
125;9.706E-0002;0.000E+0000;0.000E+0000;0.000E+0000;0.000E+0000;7.073E-0005;8.069E-0005;
126;9.785E-0002;0.000E+0000;0.000E+0000;0.000E+0000;0.000E+0000;6.457E-0005;7.673E-0005;
127;9.863E-0002;0.000E+0000;0.000E+0000;0.000E+0000;0.000E+0000;5.834E-0005;7.068E-0005;
128;9.941E-0002;0.000E+0000;0.000E+0000;0.000E+0000;0.000E+0000;5.169E-0005;6.403E-0005;
129;1.002E-0001;0.000E+0000;0.000E+0000;0.000E+0000;0.000E+0000;4.363E-0005;5.713E-0005;
130;1.010E-0001;0.000E+0000;0.000E+0000;0.000E+0000;0.000E+0000;3.698E-0005;5.127E-0005;
131;1.018E-0001;0.000E+0000;0.000E+0000;0.000E+0000;0.000E+0000;3.320E-0005;4.426E-0005;
132;1.025E-0001;0.000E+0000;0.000E+0000;0.000E+0000;0.000E+0000;2.929E-0005;3.809E-0005;
133;1.033E-0001;0.000E+0000;0.000E+0000;0.000E+0000;0.000E+0000;2.428E-0005;3.126E-0005;
134;1.041E-0001;0.000E+0000;0.000E+0000;0.000E+0000;0.000E+0000;2.190E-0005;2.564E-0005;
135;1.049E-0001;0.000E+0000;0.000E+0000;0.000E+0000;0.000E+0000;1.977E-0005;2.094E-0005;
136;1.057E-0001;0.000E+0000;0.000E+0000;0.000E+0000;0.000E+0000;1.574E-0005;2.002E-0005;
137;1.065E-0001;0.000E+0000;0.000E+0000;0.000E+0000;0.000E+0000;1.177E-0005;1.972E-0005;
138;1.072E-0001;0.000E+0000;0.000E+0000;0.000E+0000;0.000E+0000;9.636E-0006;2.015E-0005;
139;1.080E-0001;0.000E+0000;0.000E+0000;0.000E+0000;0.000E+0000;1.067E-0005;1.978E-0005;
140;1.088E-0001;0.000E+0000;0.000E+0000;0.000E+0000;0.000E+0000;1.208E-0005;1.893E-0005;
141;1.096E-0001;0.000E+0000;0.000E+0000;0.000E+0000;0.000E+0000;1.299E-0005;1.740E-0005;
142;1.104E-0001;0.000E+0000;0.000E+0000;0.000E+0000;0.000E+0000;1.232E-0005;1.410E-0005;
143;1.112E-0001;0.000E+0000;0.000E+0000;0.000E+0000;0.000E+0000;7.622E-0006;8.062E-0006;
144;1.119E-0001;0.000E+0000;0.000E+0000;0.000E+0000;0.000E+0000;4.631E-0006;2.630E-0006;
145;1.127E-0001;0.000E+0000;0.000E+0000;0.000E+0000;0.000E+0000;4.143E-0006;-4.328E-0006;
146;1.135E-0001;0.000E+0000;0.000E+0000;0.000E+0000;0.000E+0000;2.312E-0006;-1.141E-0005;
147;1.143E-0001;0.000E+0000;0.000E+0000;0.000E+0000;0.000E+0000;2.861E-0006;-1.318E-0005;
148;1.151E-0001;0.000E+0000;0.000E+0000;0.000E+0000;0.000E+0000;4.204E-0006;-1.086E-0005;
149;1.159E-0001;0.000E+0000;0.000E+0000;0.000E+0000;0.000E+0000;5.913E-0006;-4.817E-0006;
150;1.166E-0001;0.000E+0000;0.000E+0000;0.000E+0000;0.000E+0000;1.147E-0005;4.705E-0006;
151;1.174E-0001;0.000E+0000;0.000E+0000;0.000E+0000;0.000E+0000;1.617E-0005;1.435E-0005;
152;1.182E-0001;0.000E+0000;0.000E+0000;0.000E+0000;0.000E+0000;2.215E-0005;2.241E-0005;
153;1.190E-0001;0.000E+0000;0.000E+0000;0.000E+0000;0.000E+0000;3.045E-0005;2.845E-0005;
154;1.198E-0001;0.000E+0000;0.000E+0000;0.000E+0000;0.000E+0000;3.240E-0005;3.113E-0005;
155;1.205E-0001;0.000E+0000;0.000E+0000;0.000E+0000;0.000E+0000;2.496E-0005;3.193E-0005;
156;1.213E-0001;0.000E+0000;0.000E+0000;0.000E+0000;0.000E+0000;1.830E-0005;3.046E-0005;
157;1.221E-0001;0.000E+0000;0.000E+0000;0.000E+0000;0.000E+0000;1.867E-0005;2.790E-0005;
158;1.229E-0001;0.000E+0000;0.000E+0000;0.000E+0000;0.000E+0000;1.946E-0005;2.436E-0005;
159;1.237E-0001;0.000E+0000;0.000E+0000;0.000E+0000;0.000E+0000;1.891E-0005;2.277E-0005;
160;1.245E-0001;0.000E+0000;0.000E+0000;0.000E+0000;0.000E+0000;1.482E-0005;2.234E-0005;
161;1.252E-0001;0.000E+0000;0.000E+0000;0.000E+0000;0.000E+0000;1.000E-0005;2.253E-0005;
162;1.260E-0001;0.000E+0000;0.000E+0000;0.000E+0000;0.000E+0000;7.622E-0006;2.247E-0005;
163;1.268E-0001;0.000E+0000;0.000E+0000;0.000E+0000;0.000E+0000;6.828E-0006;2.405E-0005;
164;1.276E-0001;0.000E+0000;0.000E+0000;0.000E+0000;0.000E+0000;6.340E-0006;2.533E-0005;
165;1.284E-0001;0.000E+0000;0.000E+0000;0.000E+0000;0.000E+0000;3.410E-0006;2.448E-0005;
166;1.292E-0001;0.000E+0000;0.000E+0000;0.000E+0000;0.000E+0000;4.806E-0007;2.454E-0005;
167;1.299E-0001;0.000E+0000;0.000E+0000;0.000E+0000;0.000E+0000;-1.778E-0006;2.320E-0005;
168;1.307E-0001;0.000E+0000;0.000E+0000;0.000E+0000;0.000E+0000;-1.045E-0006;2.039E-0005;
169;1.315E-0001;0.000E+0000;0.000E+0000;0.000E+0000;0.000E+0000;-2.449E-0006;1.587E-0005;
170;1.323E-0001;0.000E+0000;0.000E+0000;0.000E+0000;0.000E+0000;-6.844E-0006;1.075E-0005;
171;1.331E-0001;0.000E+0000;0.000E+0000;0.000E+0000;0.000E+0000;-1.008E-0005;1.958E-0006;
172;1.339E-0001;0.000E+0000;0.000E+0000;0.000E+0000;0.000E+0000;-8.614E-0006;-3.718E-0006;
173;1.346E-0001;0.000E+0000;0.000E+0000;0.000E+0000;0.000E+0000;-7.393E-0006;-7.502E-0006;
174;1.354E-0001;0.000E+0000;0.000E+0000;0.000E+0000;0.000E+0000;-9.224E-0006;-9.577E-0006;
175;1.362E-0001;0.000E+0000;0.000E+0000;0.000E+0000;0.000E+0000;-1.173E-0005;-1.080E-0005;
176;1.370E-0001;0.000E+0000;0.000E+0000;0.000E+0000;0.000E+0000;-1.142E-0005;-9.333E-0006;
177;1.378E-0001;0.000E+0000;0.000E+0000;0.000E+0000;0.000E+0000;-9.651E-0006;-6.648E-0006;
178;1.386E-0001;0.000E+0000;0.000E+0000;0.000E+0000;0.000E+0000;-6.721E-0006;-3.718E-0006;
179;1.393E-0001;0.000E+0000;0.000E+0000;0.000E+0000;0.000E+0000;-4.341E-0006;-2.390E-0007;
180;1.401E-0001;0.000E+0000;0.000E+0000;0.000E+0000;0.000E+0000;-2.937E-0006;7.375E-0007;
181;1.409E-0001;0.000E+0000;0.000E+0000;0.000E+0000;0.000E+0000;-3.609E-0006;1.470E-0006;
182;1.417E-0001;0.000E+0000;0.000E+0000;0.000E+0000;0.000E+0000;-6.172E-0006;-2.925E-0006;
183;1.425E-0001;0.000E+0000;0.000E+0000;0.000E+0000;0.000E+0000;-7.637E-0006;-6.098E-0006;
184;1.432E-0001;0.000E+0000;0.000E+0000;0.000E+0000;0.000E+0000;-5.989E-0006;-7.807E-0006;
185;1.440E-0001;0.000E+0000;0.000E+0000;0.000E+0000;0.000E+0000;-7.393E-0006;-9.089E-0006;
186;1.448E-0001;0.000E+0000;0.000E+0000;0.000E+0000;0.000E+0000;-1.228E-0005;-1.177E-0005;
187;1.456E-0001;0.000E+0000;0.000E+0000;0.000E+0000;0.000E+0000;-1.478E-0005;-1.104E-0005;
188;1.464E-0001;0.000E+0000;0.000E+0000;0.000E+0000;0.000E+0000;-1.301E-0005;-9.089E-0006;
189;1.472E-0001;0.000E+0000;0.000E+0000;0.000E+0000;0.000E+0000;-8.064E-0006;-7.746E-0006;
190;1.479E-0001;0.000E+0000;0.000E+0000;0.000E+0000;0.000E+0000;-6.783E-0006;-7.929E-0006;
191;1.487E-0001;0.000E+0000;0.000E+0000;0.000E+0000;0.000E+0000;-8.797E-0006;-9.089E-0006;
192;1.495E-0001;0.000E+0000;0.000E+0000;0.000E+0000;0.000E+0000;-1.362E-0005;-1.330E-0005;
193;1.503E-0001;0.000E+0000;0.000E+0000;0.000E+0000;0.000E+0000;-2.326E-0005;-1.898E-0005;
194;1.511E-0001;0.000E+0000;0.000E+0000;0.000E+0000;0.000E+0000;-3.144E-0005;-2.685E-0005;
195;1.519E-0001;0.000E+0000;0.000E+0000;0.000E+0000;0.000E+0000;-3.565E-0005;-3.399E-0005;
196;1.526E-0001;0.000E+0000;0.000E+0000;0.000E+0000;0.000E+0000;-3.754E-0005;-4.064E-0005;
197;1.534E-0001;0.000E+0000;0.000E+0000;0.000E+0000;0.000E+0000;-3.895E-0005;-4.663E-0005;
198;1.542E-0001;0.000E+0000;0.000E+0000;0.000E+0000;0.000E+0000;-4.017E-0005;-4.803E-0005;
199;1.550E-0001;0.000E+0000;0.000E+0000;0.000E+0000;0.000E+0000;-4.023E-0005;-4.577E-0005;
200;1.558E-0001;0.000E+0000;0.000E+0000;0.000E+0000;0.000E+0000;-3.565E-0005;-4.064E-0005;
201;1.566E-0001;0.000E+0000;0.000E+0000;0.000E+0000;0.000E+0000;-2.906E-0005;-3.411E-0005;
202;1.573E-0001;0.000E+0000;0.000E+0000;0.000E+0000;0.000E+0000;-2.558E-0005;-2.691E-0005;
203;1.581E-0001;0.000E+0000;0.000E+0000;0.000E+0000;0.000E+0000;-2.155E-0005;-1.965E-0005;
204;1.589E-0001;0.000E+0000;0.000E+0000;0.000E+0000;0.000E+0000;-1.612E-0005;-1.428E-0005;
205;1.597E-0001;0.000E+0000;0.000E+0000;0.000E+0000;0.000E+0000;-1.209E-0005;-1.373E-0005;
206;1.605E-0001;0.000E+0000;0.000E+0000;0.000E+0000;0.000E+0000;-1.594E-0005;-1.623E-0005;
207;1.613E-0001;0.000E+0000;0.000E+0000;0.000E+0000;0.000E+0000;-2.229E-0005;-1.776E-0005;
208;1.620E-0001;0.000E+0000;0.000E+0000;0.000E+0000;0.000E+0000;-2.619E-0005;-2.044E-0005;
209;1.628E-0001;0.000E+0000;0.000E+0000;0.000E+0000;0.000E+0000;-2.674E-0005;-2.282E-0005;
210;1.636E-0001;0.000E+0000;0.000E+0000;0.000E+0000;0.000E+0000;-2.662E-0005;-2.435E-0005;
211;1.644E-0001;0.000E+0000;0.000E+0000;0.000E+0000;0.000E+0000;-2.760E-0005;-2.410E-0005;
212;1.652E-0001;0.000E+0000;0.000E+0000;0.000E+0000;0.000E+0000;-2.546E-0005;-2.294E-0005;
213;1.659E-0001;0.000E+0000;0.000E+0000;0.000E+0000;0.000E+0000;-2.106E-0005;-2.148E-0005;
214;1.667E-0001;0.000E+0000;0.000E+0000;0.000E+0000;0.000E+0000;-2.003E-0005;-1.922E-0005;
215;1.675E-0001;0.000E+0000;0.000E+0000;0.000E+0000;0.000E+0000;-2.235E-0005;-1.739E-0005;
216;1.683E-0001;0.000E+0000;0.000E+0000;0.000E+0000;0.000E+0000;-2.619E-0005;-1.684E-0005;
217;1.691E-0001;0.000E+0000;0.000E+0000;0.000E+0000;0.000E+0000;-2.845E-0005;-1.513E-0005;
218;1.699E-0001;0.000E+0000;0.000E+0000;0.000E+0000;0.000E+0000;-2.930E-0005;-1.269E-0005;
219;1.706E-0001;0.000E+0000;0.000E+0000;0.000E+0000;0.000E+0000;-2.857E-0005;-1.550E-0005;
220;1.714E-0001;0.000E+0000;0.000E+0000;0.000E+0000;0.000E+0000;-2.863E-0005;-1.873E-0005;
221;1.722E-0001;0.000E+0000;0.000E+0000;0.000E+0000;0.000E+0000;-2.876E-0005;-2.105E-0005;
222;1.730E-0001;0.000E+0000;0.000E+0000;0.000E+0000;0.000E+0000;-3.126E-0005;-2.600E-0005;
223;1.738E-0001;0.000E+0000;0.000E+0000;0.000E+0000;0.000E+0000;-3.498E-0005;-2.990E-0005;
224;1.746E-0001;0.000E+0000;0.000E+0000;0.000E+0000;0.000E+0000;-3.742E-0005;-3.216E-0005;
225;1.753E-0001;0.000E+0000;0.000E+0000;0.000E+0000;0.000E+0000;-3.822E-0005;-3.265E-0005;
226;1.761E-0001;0.000E+0000;0.000E+0000;0.000E+0000;0.000E+0000;-3.687E-0005;-3.271E-0005;
227;1.769E-0001;0.000E+0000;0.000E+0000;0.000E+0000;0.000E+0000;-3.364E-0005;-3.100E-0005;
228;1.777E-0001;0.000E+0000;0.000E+0000;0.000E+0000;0.000E+0000;-3.144E-0005;-2.764E-0005;
229;1.785E-0001;0.000E+0000;0.000E+0000;0.000E+0000;0.000E+0000;-3.101E-0005;-2.423E-0005;
230;1.793E-0001;0.000E+0000;0.000E+0000;0.000E+0000;0.000E+0000;-3.089E-0005;-2.270E-0005;
231;1.800E-0001;0.000E+0000;0.000E+0000;0.000E+0000;0.000E+0000;-3.217E-0005;-2.343E-0005;
232;1.808E-0001;0.000E+0000;0.000E+0000;0.000E+0000;0.000E+0000;-3.449E-0005;-2.435E-0005;
233;1.816E-0001;0.000E+0000;0.000E+0000;0.000E+0000;0.000E+0000;-3.883E-0005;-2.813E-0005;
234;1.824E-0001;0.000E+0000;0.000E+0000;0.000E+0000;0.000E+0000;-3.992E-0005;-3.076E-0005;
235;1.832E-0001;0.000E+0000;0.000E+0000;0.000E+0000;0.000E+0000;-3.724E-0005;-3.332E-0005;
236;1.840E-0001;0.000E+0000;0.000E+0000;0.000E+0000;0.000E+0000;-3.333E-0005;-3.424E-0005;
237;1.847E-0001;0.000E+0000;0.000E+0000;0.000E+0000;0.000E+0000;-3.455E-0005;-3.631E-0005;
238;1.855E-0001;0.000E+0000;0.000E+0000;0.000E+0000;0.000E+0000;-3.626E-0005;-3.582E-0005;
239;1.863E-0001;0.000E+0000;0.000E+0000;0.000E+0000;0.000E+0000;-3.541E-0005;-3.417E-0005;
240;1.871E-0001;0.000E+0000;0.000E+0000;0.000E+0000;0.000E+0000;-3.333E-0005;-3.070E-0005;
241;1.879E-0001;0.000E+0000;0.000E+0000;0.000E+0000;0.000E+0000;-3.193E-0005;-3.021E-0005;
242;1.886E-0001;0.000E+0000;0.000E+0000;0.000E+0000;0.000E+0000;-3.370E-0005;-2.935E-0005;
243;1.894E-0001;0.000E+0000;0.000E+0000;0.000E+0000;0.000E+0000;-3.718E-0005;-2.911E-0005;
244;1.902E-0001;0.000E+0000;0.000E+0000;0.000E+0000;0.000E+0000;-3.706E-0005;-2.899E-0005;
245;1.910E-0001;0.000E+0000;0.000E+0000;0.000E+0000;0.000E+0000;-3.651E-0005;-2.850E-0005;
246;1.918E-0001;0.000E+0000;0.000E+0000;0.000E+0000;0.000E+0000;-3.724E-0005;-2.978E-0005;
247;1.926E-0001;0.000E+0000;0.000E+0000;0.000E+0000;0.000E+0000;-3.889E-0005;-3.063E-0005;
248;1.933E-0001;0.000E+0000;0.000E+0000;0.000E+0000;0.000E+0000;-4.200E-0005;-3.454E-0005;
249;1.941E-0001;0.000E+0000;0.000E+0000;0.000E+0000;0.000E+0000;-4.163E-0005;-3.625E-0005;
250;1.949E-0001;0.000E+0000;0.000E+0000;0.000E+0000;0.000E+0000;-3.797E-0005;-3.619E-0005;
251;1.957E-0001;0.000E+0000;0.000E+0000;0.000E+0000;0.000E+0000;-3.632E-0005;-3.564E-0005;
252;1.965E-0001;0.000E+0000;0.000E+0000;0.000E+0000;0.000E+0000;-3.480E-0005;-3.491E-0005;
253;1.973E-0001;0.000E+0000;0.000E+0000;0.000E+0000;0.000E+0000;-3.089E-0005;-3.228E-0005;
254;1.980E-0001;0.000E+0000;0.000E+0000;0.000E+0000;0.000E+0000;-2.699E-0005;-2.825E-0005;
255;1.988E-0001;0.000E+0000;0.000E+0000;0.000E+0000;0.000E+0000;-2.509E-0005;-2.539E-0005;
256;1.996E-0001;0.000E+0000;0.000E+0000;0.000E+0000;0.000E+0000;-2.351E-0005;-2.374E-0005;
257;2.004E-0001;0.000E+0000;0.000E+0000;0.000E+0000;0.000E+0000;-2.399E-0005;-2.520E-0005;
258;2.012E-0001;0.000E+0000;0.000E+0000;0.000E+0000;0.000E+0000;-2.827E-0005;-2.801E-0005;
259;2.020E-0001;0.000E+0000;0.000E+0000;0.000E+0000;0.000E+0000;-3.394E-0005;-3.289E-0005;
260;2.027E-0001;0.000E+0000;0.000E+0000;0.000E+0000;0.000E+0000;-3.919E-0005;-3.967E-0005;
261;2.035E-0001;0.000E+0000;0.000E+0000;0.000E+0000;0.000E+0000;-4.316E-0005;-4.821E-0005;
262;2.043E-0001;0.000E+0000;0.000E+0000;0.000E+0000;0.000E+0000;-4.609E-0005;-5.456E-0005;
263;2.051E-0001;0.000E+0000;0.000E+0000;0.000E+0000;0.000E+0000;-4.853E-0005;-5.895E-0005;
264;2.059E-0001;0.000E+0000;0.000E+0000;0.000E+0000;0.000E+0000;-5.079E-0005;-5.987E-0005;
265;2.067E-0001;0.000E+0000;0.000E+0000;0.000E+0000;0.000E+0000;-5.134E-0005;-5.645E-0005;
266;2.074E-0001;0.000E+0000;0.000E+0000;0.000E+0000;0.000E+0000;-4.939E-0005;-5.053E-0005;
267;2.082E-0001;0.000E+0000;0.000E+0000;0.000E+0000;0.000E+0000;-4.420E-0005;-4.370E-0005;
268;2.090E-0001;0.000E+0000;0.000E+0000;0.000E+0000;0.000E+0000;-4.029E-0005;-3.552E-0005;
269;2.098E-0001;0.000E+0000;0.000E+0000;0.000E+0000;0.000E+0000;-3.620E-0005;-2.862E-0005;
270;2.106E-0001;0.000E+0000;0.000E+0000;0.000E+0000;0.000E+0000;-3.303E-0005;-2.545E-0005;
271;2.114E-0001;0.000E+0000;0.000E+0000;0.000E+0000;0.000E+0000;-3.498E-0005;-2.648E-0005;
272;2.121E-0001;0.000E+0000;0.000E+0000;0.000E+0000;0.000E+0000;-3.663E-0005;-2.832E-0005;
273;2.129E-0001;0.000E+0000;0.000E+0000;0.000E+0000;0.000E+0000;-3.614E-0005;-3.253E-0005;
274;2.137E-0001;0.000E+0000;0.000E+0000;0.000E+0000;0.000E+0000;-3.431E-0005;-3.521E-0005;
275;2.145E-0001;0.000E+0000;0.000E+0000;0.000E+0000;0.000E+0000;-3.498E-0005;-3.637E-0005;
276;2.153E-0001;0.000E+0000;0.000E+0000;0.000E+0000;0.000E+0000;-3.748E-0005;-3.808E-0005;
277;2.160E-0001;0.000E+0000;0.000E+0000;0.000E+0000;0.000E+0000;-3.938E-0005;-3.906E-0005;
278;2.168E-0001;0.000E+0000;0.000E+0000;0.000E+0000;0.000E+0000;-3.761E-0005;-3.784E-0005;
279;2.176E-0001;0.000E+0000;0.000E+0000;0.000E+0000;0.000E+0000;-3.333E-0005;-3.558E-0005;
280;2.184E-0001;0.000E+0000;0.000E+0000;0.000E+0000;0.000E+0000;-3.114E-0005;-3.198E-0005;
281;2.192E-0001;0.000E+0000;0.000E+0000;0.000E+0000;0.000E+0000;-3.236E-0005;-2.935E-0005;
282;2.200E-0001;0.000E+0000;0.000E+0000;0.000E+0000;0.000E+0000;-3.480E-0005;-2.899E-0005;
283;2.207E-0001;0.000E+0000;0.000E+0000;0.000E+0000;0.000E+0000;-3.455E-0005;-2.923E-0005;
284;2.215E-0001;0.000E+0000;0.000E+0000;0.000E+0000;0.000E+0000;-3.645E-0005;-3.137E-0005;
285;2.223E-0001;0.000E+0000;0.000E+0000;0.000E+0000;0.000E+0000;-3.791E-0005;-3.198E-0005;
286;2.231E-0001;0.000E+0000;0.000E+0000;0.000E+0000;0.000E+0000;-3.669E-0005;-3.344E-0005;
287;2.239E-0001;0.000E+0000;0.000E+0000;0.000E+0000;0.000E+0000;-3.364E-0005;-3.436E-0005;
288;2.247E-0001;0.000E+0000;0.000E+0000;0.000E+0000;0.000E+0000;-3.065E-0005;-3.686E-0005;
289;2.254E-0001;0.000E+0000;0.000E+0000;0.000E+0000;0.000E+0000;-3.040E-0005;-3.930E-0005;
290;2.262E-0001;0.000E+0000;0.000E+0000;0.000E+0000;0.000E+0000;-3.626E-0005;-4.156E-0005;
291;2.270E-0001;0.000E+0000;0.000E+0000;0.000E+0000;0.000E+0000;-4.029E-0005;-4.186E-0005;
292;2.278E-0001;0.000E+0000;0.000E+0000;0.000E+0000;0.000E+0000;-4.108E-0005;-4.443E-0005;
293;2.286E-0001;0.000E+0000;0.000E+0000;0.000E+0000;0.000E+0000;-4.224E-0005;-4.724E-0005;
294;2.294E-0001;0.000E+0000;0.000E+0000;0.000E+0000;0.000E+0000;-4.310E-0005;-4.876E-0005;
295;2.301E-0001;0.000E+0000;0.000E+0000;0.000E+0000;0.000E+0000;-4.462E-0005;-5.004E-0005;
296;2.309E-0001;0.000E+0000;0.000E+0000;0.000E+0000;0.000E+0000;-4.896E-0005;-4.956E-0005;
297;2.317E-0001;0.000E+0000;0.000E+0000;0.000E+0000;0.000E+0000;-5.036E-0005;-4.620E-0005;
298;2.325E-0001;0.000E+0000;0.000E+0000;0.000E+0000;0.000E+0000;-4.841E-0005;-4.205E-0005;
299;2.333E-0001;0.000E+0000;0.000E+0000;0.000E+0000;0.000E+0000;-4.700E-0005;-4.095E-0005;
300;2.341E-0001;0.000E+0000;0.000E+0000;0.000E+0000;0.000E+0000;-4.298E-0005;-3.839E-0005;
301;2.348E-0001;0.000E+0000;0.000E+0000;0.000E+0000;0.000E+0000;-3.614E-0005;-3.588E-0005;
302;2.356E-0001;0.000E+0000;0.000E+0000;0.000E+0000;0.000E+0000;-3.230E-0005;-3.485E-0005;
303;2.364E-0001;0.000E+0000;0.000E+0000;0.000E+0000;0.000E+0000;-3.028E-0005;-3.552E-0005;
304;2.372E-0001;0.000E+0000;0.000E+0000;0.000E+0000;0.000E+0000;-3.175E-0005;-3.448E-0005;
305;2.380E-0001;0.000E+0000;0.000E+0000;0.000E+0000;0.000E+0000;-3.407E-0005;-3.228E-0005;
306;2.387E-0001;0.000E+0000;0.000E+0000;0.000E+0000;0.000E+0000;-3.370E-0005;-3.015E-0005;
307;2.395E-0001;0.000E+0000;0.000E+0000;0.000E+0000;0.000E+0000;-3.144E-0005;-2.746E-0005;
308;2.403E-0001;0.000E+0000;0.000E+0000;0.000E+0000;0.000E+0000;-3.077E-0005;-2.691E-0005;
309;2.411E-0001;0.000E+0000;0.000E+0000;0.000E+0000;0.000E+0000;-3.339E-0005;-2.795E-0005;
310;2.419E-0001;0.000E+0000;0.000E+0000;0.000E+0000;0.000E+0000;-3.547E-0005;-2.990E-0005;
311;2.427E-0001;0.000E+0000;0.000E+0000;0.000E+0000;0.000E+0000;-3.492E-0005;-3.222E-0005;
312;2.434E-0001;0.000E+0000;0.000E+0000;0.000E+0000;0.000E+0000;-3.370E-0005;-3.460E-0005;
313;2.442E-0001;0.000E+0000;0.000E+0000;0.000E+0000;0.000E+0000;-3.077E-0005;-3.497E-0005;
314;2.450E-0001;0.000E+0000;0.000E+0000;0.000E+0000;0.000E+0000;-2.906E-0005;-3.619E-0005;
315;2.458E-0001;0.000E+0000;0.000E+0000;0.000E+0000;0.000E+0000;-2.863E-0005;-3.533E-0005;
316;2.466E-0001;0.000E+0000;0.000E+0000;0.000E+0000;0.000E+0000;-3.315E-0005;-3.344E-0005;
317;2.474E-0001;0.000E+0000;0.000E+0000;0.000E+0000;0.000E+0000;-3.431E-0005;-3.021E-0005;
318;2.481E-0001;0.000E+0000;0.000E+0000;0.000E+0000;0.000E+0000;-3.266E-0005;-2.740E-0005;
319;2.489E-0001;0.000E+0000;0.000E+0000;0.000E+0000;0.000E+0000;-2.827E-0005;-2.593E-0005;
320;2.497E-0001;0.000E+0000;0.000E+0000;0.000E+0000;0.000E+0000;-2.717E-0005;-2.593E-0005;
321;2.505E-0001;0.000E+0000;0.000E+0000;0.000E+0000;0.000E+0000;-3.046E-0005;-2.685E-0005;
322;2.513E-0001;0.000E+0000;0.000E+0000;0.000E+0000;0.000E+0000;-3.266E-0005;-2.972E-0005;
323;2.521E-0001;0.000E+0000;0.000E+0000;0.000E+0000;0.000E+0000;-3.419E-0005;-3.356E-0005;
324;2.528E-0001;0.000E+0000;0.000E+0000;0.000E+0000;0.000E+0000;-3.577E-0005;-3.747E-0005;
325;2.536E-0001;0.000E+0000;0.000E+0000;0.000E+0000;0.000E+0000;-3.718E-0005;-4.241E-0005;
326;2.544E-0001;0.000E+0000;0.000E+0000;0.000E+0000;0.000E+0000;-3.809E-0005;-4.376E-0005;
327;2.552E-0001;0.000E+0000;0.000E+0000;0.000E+0000;0.000E+0000;-3.846E-0005;-4.382E-0005;
328;2.560E-0001;0.000E+0000;0.000E+0000;0.000E+0000;0.000E+0000;-3.864E-0005;-4.400E-0005;
329;2.568E-0001;0.000E+0000;0.000E+0000;0.000E+0000;0.000E+0000;-3.883E-0005;-4.211E-0005;
330;2.575E-0001;0.000E+0000;0.000E+0000;0.000E+0000;0.000E+0000;-3.596E-0005;-3.839E-0005;
331;2.583E-0001;0.000E+0000;0.000E+0000;0.000E+0000;0.000E+0000;-3.223E-0005;-3.472E-0005;
332;2.591E-0001;0.000E+0000;0.000E+0000;0.000E+0000;0.000E+0000;-2.650E-0005;-3.070E-0005;
333;2.599E-0001;0.000E+0000;0.000E+0000;0.000E+0000;0.000E+0000;-2.546E-0005;-3.027E-0005;
334;2.607E-0001;0.000E+0000;0.000E+0000;0.000E+0000;0.000E+0000;-3.016E-0005;-3.124E-0005;
335;2.614E-0001;0.000E+0000;0.000E+0000;0.000E+0000;0.000E+0000;-3.547E-0005;-3.320E-0005;
336;2.622E-0001;0.000E+0000;0.000E+0000;0.000E+0000;0.000E+0000;-3.803E-0005;-3.582E-0005;
337;2.630E-0001;0.000E+0000;0.000E+0000;0.000E+0000;0.000E+0000;-3.736E-0005;-3.814E-0005;
338;2.638E-0001;0.000E+0000;0.000E+0000;0.000E+0000;0.000E+0000;-3.352E-0005;-3.900E-0005;
339;2.646E-0001;0.000E+0000;0.000E+0000;0.000E+0000;0.000E+0000;-3.010E-0005;-3.857E-0005;
340;2.654E-0001;0.000E+0000;0.000E+0000;0.000E+0000;0.000E+0000;-2.894E-0005;-3.723E-0005;
341;2.661E-0001;0.000E+0000;0.000E+0000;0.000E+0000;0.000E+0000;-2.869E-0005;-3.436E-0005;
342;2.669E-0001;0.000E+0000;0.000E+0000;0.000E+0000;0.000E+0000;-2.967E-0005;-2.996E-0005;
343;2.677E-0001;0.000E+0000;0.000E+0000;0.000E+0000;0.000E+0000;-3.223E-0005;-2.783E-0005;
344;2.685E-0001;0.000E+0000;0.000E+0000;0.000E+0000;0.000E+0000;-3.461E-0005;-2.716E-0005;
345;2.693E-0001;0.000E+0000;0.000E+0000;0.000E+0000;0.000E+0000;-3.699E-0005;-2.777E-0005;
346;2.701E-0001;0.000E+0000;0.000E+0000;0.000E+0000;0.000E+0000;-3.779E-0005;-2.893E-0005;
347;2.708E-0001;0.000E+0000;0.000E+0000;0.000E+0000;0.000E+0000;-3.742E-0005;-3.332E-0005;
348;2.716E-0001;0.000E+0000;0.000E+0000;0.000E+0000;0.000E+0000;-3.803E-0005;-3.967E-0005;
349;2.724E-0001;0.000E+0000;0.000E+0000;0.000E+0000;0.000E+0000;-4.035E-0005;-4.718E-0005;
350;2.732E-0001;0.000E+0000;0.000E+0000;0.000E+0000;0.000E+0000;-4.377E-0005;-5.511E-0005;
351;2.740E-0001;0.000E+0000;0.000E+0000;0.000E+0000;0.000E+0000;-4.212E-0005;-5.932E-0005;
352;2.748E-0001;0.000E+0000;0.000E+0000;0.000E+0000;0.000E+0000;-3.919E-0005;-6.115E-0005;
353;2.755E-0001;0.000E+0000;0.000E+0000;0.000E+0000;0.000E+0000;-3.754E-0005;-5.920E-0005;
354;2.763E-0001;0.000E+0000;0.000E+0000;0.000E+0000;0.000E+0000;-3.339E-0005;-5.407E-0005;
355;2.771E-0001;0.000E+0000;0.000E+0000;0.000E+0000;0.000E+0000;-3.205E-0005;-4.467E-0005;
356;2.779E-0001;0.000E+0000;0.000E+0000;0.000E+0000;0.000E+0000;-2.802E-0005;-3.533E-0005;
357;2.787E-0001;0.000E+0000;0.000E+0000;0.000E+0000;0.000E+0000;-2.229E-0005;-2.752E-0005;
358;2.795E-0001;0.000E+0000;0.000E+0000;0.000E+0000;0.000E+0000;-2.253E-0005;-2.203E-0005;
359;2.802E-0001;0.000E+0000;0.000E+0000;0.000E+0000;0.000E+0000;-2.515E-0005;-2.032E-0005;
360;2.810E-0001;0.000E+0000;0.000E+0000;0.000E+0000;0.000E+0000;-2.680E-0005;-2.069E-0005;
361;2.818E-0001;0.000E+0000;0.000E+0000;0.000E+0000;0.000E+0000;-3.046E-0005;-2.545E-0005;
362;2.826E-0001;0.000E+0000;0.000E+0000;0.000E+0000;0.000E+0000;-3.236E-0005;-2.966E-0005;
363;2.834E-0001;0.000E+0000;0.000E+0000;0.000E+0000;0.000E+0000;-3.352E-0005;-3.234E-0005;
364;2.841E-0001;0.000E+0000;0.000E+0000;0.000E+0000;0.000E+0000;-3.309E-0005;-3.186E-0005;
365;2.849E-0001;0.000E+0000;0.000E+0000;0.000E+0000;0.000E+0000;-3.181E-0005;-3.082E-0005;
366;2.857E-0001;0.000E+0000;0.000E+0000;0.000E+0000;0.000E+0000;-2.790E-0005;-2.770E-0005;
367;2.865E-0001;0.000E+0000;0.000E+0000;0.000E+0000;0.000E+0000;-2.357E-0005;-2.557E-0005;
368;2.873E-0001;0.000E+0000;0.000E+0000;0.000E+0000;0.000E+0000;-1.893E-0005;-2.294E-0005;
369;2.881E-0001;0.000E+0000;0.000E+0000;0.000E+0000;0.000E+0000;-1.997E-0005;-2.172E-0005;
370;2.888E-0001;0.000E+0000;0.000E+0000;0.000E+0000;0.000E+0000;-2.332E-0005;-1.989E-0005;
371;2.896E-0001;0.000E+0000;0.000E+0000;0.000E+0000;0.000E+0000;-2.607E-0005;-1.770E-0005;
372;2.904E-0001;0.000E+0000;0.000E+0000;0.000E+0000;0.000E+0000;-2.705E-0005;-1.672E-0005;
373;2.912E-0001;0.000E+0000;0.000E+0000;0.000E+0000;0.000E+0000;-2.711E-0005;-1.812E-0005;
374;2.920E-0001;0.000E+0000;0.000E+0000;0.000E+0000;0.000E+0000;-2.729E-0005;-2.020E-0005;
375;2.928E-0001;0.000E+0000;0.000E+0000;0.000E+0000;0.000E+0000;-2.637E-0005;-2.435E-0005;
376;2.935E-0001;0.000E+0000;0.000E+0000;0.000E+0000;0.000E+0000;-2.271E-0005;-2.832E-0005;
377;2.943E-0001;0.000E+0000;0.000E+0000;0.000E+0000;0.000E+0000;-1.911E-0005;-3.094E-0005;
378;2.951E-0001;0.000E+0000;0.000E+0000;0.000E+0000;0.000E+0000;-1.807E-0005;-3.179E-0005;
379;2.959E-0001;0.000E+0000;0.000E+0000;0.000E+0000;0.000E+0000;-1.887E-0005;-3.082E-0005;
380;2.967E-0001;0.000E+0000;0.000E+0000;0.000E+0000;0.000E+0000;-1.881E-0005;-2.941E-0005;
381;2.975E-0001;0.000E+0000;0.000E+0000;0.000E+0000;0.000E+0000;-1.795E-0005;-2.716E-0005;
382;2.982E-0001;0.000E+0000;0.000E+0000;0.000E+0000;0.000E+0000;-1.582E-0005;-2.447E-0005;
383;2.990E-0001;0.000E+0000;0.000E+0000;0.000E+0000;0.000E+0000;-1.283E-0005;-2.014E-0005;
384;2.998E-0001;0.000E+0000;0.000E+0000;0.000E+0000;0.000E+0000;-1.209E-0005;-1.751E-0005;
385;3.006E-0001;0.000E+0000;0.000E+0000;0.000E+0000;0.000E+0000;-1.075E-0005;-1.599E-0005;
386;3.014E-0001;0.000E+0000;0.000E+0000;0.000E+0000;0.000E+0000;-1.032E-0005;-1.763E-0005;
387;3.022E-0001;0.000E+0000;0.000E+0000;0.000E+0000;0.000E+0000;-7.820E-0006;-2.111E-0005;
388;3.029E-0001;0.000E+0000;0.000E+0000;0.000E+0000;0.000E+0000;-6.599E-0006;-2.343E-0005;
389;3.037E-0001;0.000E+0000;0.000E+0000;0.000E+0000;0.000E+0000;-6.966E-0006;-2.581E-0005;
390;3.045E-0001;0.000E+0000;0.000E+0000;0.000E+0000;0.000E+0000;-6.050E-0006;-2.868E-0005;
391;3.053E-0001;0.000E+0000;0.000E+0000;0.000E+0000;0.000E+0000;-6.966E-0006;-3.137E-0005;
392;3.061E-0001;0.000E+0000;0.000E+0000;0.000E+0000;0.000E+0000;-9.956E-0006;-3.485E-0005;
393;3.068E-0001;0.000E+0000;0.000E+0000;0.000E+0000;0.000E+0000;-1.325E-0005;-3.637E-0005;
394;3.076E-0001;0.000E+0000;0.000E+0000;0.000E+0000;0.000E+0000;-1.716E-0005;-3.747E-0005;
395;3.084E-0001;0.000E+0000;0.000E+0000;0.000E+0000;0.000E+0000;-1.801E-0005;-3.625E-0005;
396;3.092E-0001;0.000E+0000;0.000E+0000;0.000E+0000;0.000E+0000;-1.667E-0005;-3.161E-0005;
397;3.100E-0001;0.000E+0000;0.000E+0000;0.000E+0000;0.000E+0000;-1.569E-0005;-2.636E-0005;
398;3.108E-0001;0.000E+0000;0.000E+0000;0.000E+0000;0.000E+0000;-1.752E-0005;-1.983E-0005;
399;3.115E-0001;0.000E+0000;0.000E+0000;0.000E+0000;0.000E+0000;-1.759E-0005;-1.580E-0005;
400;3.123E-0001;0.000E+0000;0.000E+0000;0.000E+0000;0.000E+0000;-1.478E-0005;-1.275E-0005;
401;3.131E-0001;0.000E+0000;0.000E+0000;0.000E+0000;0.000E+0000;-1.289E-0005;-1.324E-0005;
402;3.139E-0001;0.000E+0000;0.000E+0000;0.000E+0000;0.000E+0000;-1.154E-0005;-1.403E-0005;
403;3.147E-0001;0.000E+0000;0.000E+0000;0.000E+0000;0.000E+0000;-1.124E-0005;-1.464E-0005;
404;3.155E-0001;0.000E+0000;0.000E+0000;0.000E+0000;0.000E+0000;-1.057E-0005;-1.544E-0005;
405;3.162E-0001;0.000E+0000;0.000E+0000;0.000E+0000;0.000E+0000;-8.430E-0006;-1.635E-0005;
406;3.170E-0001;0.000E+0000;0.000E+0000;0.000E+0000;0.000E+0000;-4.036E-0006;-1.464E-0005;
407;3.178E-0001;0.000E+0000;0.000E+0000;0.000E+0000;0.000E+0000;9.689E-0007;-1.196E-0005;
408;3.186E-0001;0.000E+0000;0.000E+0000;0.000E+0000;0.000E+0000;1.823E-0006;-8.967E-0006;
409;3.194E-0001;0.000E+0000;0.000E+0000;0.000E+0000;0.000E+0000;9.689E-0007;-6.159E-0006;
410;3.202E-0001;0.000E+0000;0.000E+0000;0.000E+0000;0.000E+0000;2.556E-0006;-5.793E-0006;
411;3.209E-0001;0.000E+0000;0.000E+0000;0.000E+0000;0.000E+0000;1.884E-0006;-5.488E-0006;
412;3.217E-0001;0.000E+0000;0.000E+0000;0.000E+0000;0.000E+0000;-2.205E-0006;-8.784E-0006;
413;3.225E-0001;0.000E+0000;0.000E+0000;0.000E+0000;0.000E+0000;-3.120E-0006;-8.662E-0006;
414;3.233E-0001;0.000E+0000;0.000E+0000;0.000E+0000;0.000E+0000;-2.632E-0006;-8.845E-0006;
415;3.241E-0001;0.000E+0000;0.000E+0000;0.000E+0000;0.000E+0000;-8.011E-0007;-8.845E-0006;
416;3.249E-0001;0.000E+0000;0.000E+0000;0.000E+0000;0.000E+0000;-7.401E-0007;-8.967E-0006;
417;3.256E-0001;0.000E+0000;0.000E+0000;0.000E+0000;0.000E+0000;-1.778E-0006;-6.831E-0006;
418;3.264E-0001;0.000E+0000;0.000E+0000;0.000E+0000;0.000E+0000;-1.656E-0006;-2.558E-0006;
419;3.272E-0001;0.000E+0000;0.000E+0000;0.000E+0000;0.000E+0000;-2.144E-0006;1.226E-0006;
420;3.280E-0001;0.000E+0000;0.000E+0000;0.000E+0000;0.000E+0000;-3.181E-0006;2.202E-0006;
421;3.288E-0001;0.000E+0000;0.000E+0000;0.000E+0000;0.000E+0000;2.975E-0007;3.545E-0006;
422;3.295E-0001;0.000E+0000;0.000E+0000;0.000E+0000;0.000E+0000;1.640E-0006;5.193E-0006;
423;3.303E-0001;0.000E+0000;0.000E+0000;0.000E+0000;0.000E+0000;5.340E-0008;6.414E-0006;
424;3.311E-0001;0.000E+0000;0.000E+0000;0.000E+0000;0.000E+0000;-1.900E-0006;5.559E-0006;
425;3.319E-0001;0.000E+0000;0.000E+0000;0.000E+0000;0.000E+0000;-2.144E-0006;4.094E-0006;
426;3.327E-0001;0.000E+0000;0.000E+0000;0.000E+0000;0.000E+0000;-1.534E-0006;1.592E-0006;
427;3.335E-0001;0.000E+0000;0.000E+0000;0.000E+0000;0.000E+0000;-1.778E-0006;-3.901E-0006;
428;3.342E-0001;0.000E+0000;0.000E+0000;0.000E+0000;0.000E+0000;-4.349E-0007;-4.878E-0006;
429;3.350E-0001;0.000E+0000;0.000E+0000;0.000E+0000;0.000E+0000;-7.401E-0007;-4.511E-0006;
430;3.358E-0001;0.000E+0000;0.000E+0000;0.000E+0000;0.000E+0000;-1.717E-0006;-4.328E-0006;
431;3.366E-0001;0.000E+0000;0.000E+0000;0.000E+0000;0.000E+0000;-9.842E-0007;-2.070E-0006;
432;3.374E-0001;0.000E+0000;0.000E+0000;0.000E+0000;0.000E+0000;1.701E-0006;1.653E-0006;
433;3.382E-0001;0.000E+0000;0.000E+0000;0.000E+0000;0.000E+0000;3.716E-0006;4.766E-0006;
434;3.389E-0001;0.000E+0000;0.000E+0000;0.000E+0000;0.000E+0000;3.777E-0006;8.916E-0006;
435;3.397E-0001;0.000E+0000;0.000E+0000;0.000E+0000;0.000E+0000;6.157E-0006;1.032E-0005;
436;3.405E-0001;0.000E+0000;0.000E+0000;0.000E+0000;0.000E+0000;7.622E-0006;9.954E-0006;
437;3.413E-0001;0.000E+0000;0.000E+0000;0.000E+0000;0.000E+0000;6.340E-0006;7.879E-0006;
438;3.421E-0001;0.000E+0000;0.000E+0000;0.000E+0000;0.000E+0000;6.279E-0006;4.583E-0006;
439;3.429E-0001;0.000E+0000;0.000E+0000;0.000E+0000;0.000E+0000;5.180E-0006;2.202E-0006;
440;3.436E-0001;0.000E+0000;0.000E+0000;0.000E+0000;0.000E+0000;3.532E-0006;9.817E-0007;
441;3.444E-0001;0.000E+0000;0.000E+0000;0.000E+0000;0.000E+0000;3.471E-0006;1.470E-0006;
442;3.452E-0001;0.000E+0000;0.000E+0000;0.000E+0000;0.000E+0000;4.936E-0006;2.752E-0006;
443;3.460E-0001;0.000E+0000;0.000E+0000;0.000E+0000;0.000E+0000;7.744E-0006;5.742E-0006;
444;3.468E-0001;0.000E+0000;0.000E+0000;0.000E+0000;0.000E+0000;9.026E-0006;8.733E-0006;
445;3.476E-0001;0.000E+0000;0.000E+0000;0.000E+0000;0.000E+0000;8.293E-0006;1.026E-0005;
446;3.483E-0001;0.000E+0000;0.000E+0000;0.000E+0000;0.000E+0000;9.392E-0006;1.294E-0005;
447;3.491E-0001;0.000E+0000;0.000E+0000;0.000E+0000;0.000E+0000;8.476E-0006;1.429E-0005;
448;3.499E-0001;0.000E+0000;0.000E+0000;0.000E+0000;0.000E+0000;7.500E-0006;1.368E-0005;
449;3.507E-0001;0.000E+0000;0.000E+0000;0.000E+0000;0.000E+0000;8.110E-0006;1.282E-0005;
450;3.515E-0001;0.000E+0000;0.000E+0000;0.000E+0000;0.000E+0000;7.317E-0006;1.056E-0005;
451;3.523E-0001;0.000E+0000;0.000E+0000;0.000E+0000;0.000E+0000;6.889E-0006;8.428E-0006;
452;3.530E-0001;0.000E+0000;0.000E+0000;0.000E+0000;0.000E+0000;5.363E-0006;4.522E-0006;
453;3.538E-0001;0.000E+0000;0.000E+0000;0.000E+0000;0.000E+0000;4.753E-0006;1.165E-0006;
454;3.546E-0001;0.000E+0000;0.000E+0000;0.000E+0000;0.000E+0000;6.706E-0006;1.104E-0006;
455;3.554E-0001;0.000E+0000;0.000E+0000;0.000E+0000;0.000E+0000;7.927E-0006;6.155E-0007;
456;3.562E-0001;0.000E+0000;0.000E+0000;0.000E+0000;0.000E+0000;9.819E-0006;1.531E-0006;
457;3.569E-0001;0.000E+0000;0.000E+0000;0.000E+0000;0.000E+0000;1.202E-0005;4.033E-0006;
458;3.577E-0001;0.000E+0000;0.000E+0000;0.000E+0000;0.000E+0000;1.214E-0005;6.048E-0006;
459;3.585E-0001;0.000E+0000;0.000E+0000;0.000E+0000;0.000E+0000;1.141E-0005;8.550E-0006;
460;3.593E-0001;0.000E+0000;0.000E+0000;0.000E+0000;0.000E+0000;1.177E-0005;1.246E-0005;
461;3.601E-0001;0.000E+0000;0.000E+0000;0.000E+0000;0.000E+0000;1.311E-0005;1.514E-0005;
462;3.609E-0001;0.000E+0000;0.000E+0000;0.000E+0000;0.000E+0000;1.311E-0005;1.539E-0005;
463;3.616E-0001;0.000E+0000;0.000E+0000;0.000E+0000;0.000E+0000;1.421E-0005;1.246E-0005;
464;3.624E-0001;0.000E+0000;0.000E+0000;0.000E+0000;0.000E+0000;1.818E-0005;9.649E-0006;
465;3.632E-0001;0.000E+0000;0.000E+0000;0.000E+0000;0.000E+0000;1.586E-0005;4.278E-0006;
466;3.640E-0001;0.000E+0000;0.000E+0000;0.000E+0000;0.000E+0000;1.037E-0005;5.124E-0009;
467;3.648E-0001;0.000E+0000;0.000E+0000;0.000E+0000;0.000E+0000;6.096E-0006;-4.756E-0006;
468;3.656E-0001;0.000E+0000;0.000E+0000;0.000E+0000;0.000E+0000;7.988E-0006;-7.807E-0006;
469;3.663E-0001;0.000E+0000;0.000E+0000;0.000E+0000;0.000E+0000;8.293E-0006;-8.540E-0006;
470;3.671E-0001;0.000E+0000;0.000E+0000;0.000E+0000;0.000E+0000;5.302E-0006;-7.136E-0006;
471;3.679E-0001;0.000E+0000;0.000E+0000;0.000E+0000;0.000E+0000;3.586E-0007;-5.244E-0006;
472;3.687E-0001;0.000E+0000;0.000E+0000;0.000E+0000;0.000E+0000;6.027E-0007;5.122E-0009;
473;3.695E-0001;0.000E+0000;0.000E+0000;0.000E+0000;0.000E+0000;4.143E-0006;7.573E-0006;
474;3.703E-0001;0.000E+0000;0.000E+0000;0.000E+0000;0.000E+0000;1.049E-0005;1.606E-0005;
475;3.710E-0001;0.000E+0000;0.000E+0000;0.000E+0000;0.000E+0000;1.568E-0005;2.076E-0005;
476;3.718E-0001;0.000E+0000;0.000E+0000;0.000E+0000;0.000E+0000;1.531E-0005;2.234E-0005;
477;3.726E-0001;0.000E+0000;0.000E+0000;0.000E+0000;0.000E+0000;1.379E-0005;2.234E-0005;
478;3.734E-0001;0.000E+0000;0.000E+0000;0.000E+0000;0.000E+0000;1.318E-0005;1.819E-0005;
479;3.742E-0001;0.000E+0000;0.000E+0000;0.000E+0000;0.000E+0000;1.562E-0005;1.441E-0005;
480;3.750E-0001;0.000E+0000;0.000E+0000;0.000E+0000;0.000E+0000;1.720E-0005;9.588E-0006;
481;3.757E-0001;0.000E+0000;0.000E+0000;0.000E+0000;0.000E+0000;1.604E-0005;4.522E-0006;
482;3.765E-0001;0.000E+0000;0.000E+0000;0.000E+0000;0.000E+0000;1.409E-0005;1.104E-0006;
483;3.773E-0001;0.000E+0000;0.000E+0000;0.000E+0000;0.000E+0000;1.379E-0005;-1.216E-0006;
484;3.781E-0001;0.000E+0000;0.000E+0000;0.000E+0000;0.000E+0000;1.318E-0005;-2.070E-0006;
485;3.789E-0001;0.000E+0000;0.000E+0000;0.000E+0000;0.000E+0000;1.104E-0005;-1.643E-0006;
486;3.796E-0001;0.000E+0000;0.000E+0000;0.000E+0000;0.000E+0000;7.866E-0006;1.348E-0006;
487;3.804E-0001;0.000E+0000;0.000E+0000;0.000E+0000;0.000E+0000;6.340E-0006;4.278E-0006;
488;3.812E-0001;0.000E+0000;0.000E+0000;0.000E+0000;0.000E+0000;1.189E-0005;8.611E-0006;
489;3.820E-0001;0.000E+0000;0.000E+0000;0.000E+0000;0.000E+0000;2.032E-0005;1.349E-0005;
490;3.828E-0001;0.000E+0000;0.000E+0000;0.000E+0000;0.000E+0000;2.709E-0005;1.880E-0005;
491;3.836E-0001;0.000E+0000;0.000E+0000;0.000E+0000;0.000E+0000;2.831E-0005;2.106E-0005;
492;3.843E-0001;0.000E+0000;0.000E+0000;0.000E+0000;0.000E+0000;2.422E-0005;2.295E-0005;
493;3.851E-0001;0.000E+0000;0.000E+0000;0.000E+0000;0.000E+0000;2.068E-0005;2.479E-0005;
494;3.859E-0001;0.000E+0000;0.000E+0000;0.000E+0000;0.000E+0000;2.032E-0005;2.631E-0005;
495;3.867E-0001;0.000E+0000;0.000E+0000;0.000E+0000;0.000E+0000;1.934E-0005;2.704E-0005;
496;3.875E-0001;0.000E+0000;0.000E+0000;0.000E+0000;0.000E+0000;1.873E-0005;2.869E-0005;
497;3.883E-0001;0.000E+0000;0.000E+0000;0.000E+0000;0.000E+0000;1.751E-0005;3.016E-0005;
498;3.890E-0001;0.000E+0000;0.000E+0000;0.000E+0000;0.000E+0000;1.641E-0005;3.058E-0005;
499;3.898E-0001;0.000E+0000;0.000E+0000;0.000E+0000;0.000E+0000;1.684E-0005;3.113E-0005;
500;3.906E-0001;0.000E+0000;0.000E+0000;0.000E+0000;0.000E+0000;2.001E-0005;3.132E-0005;
501;3.914E-0001;0.000E+0000;0.000E+0000;0.000E+0000;0.000E+0000;2.197E-0005;2.955E-0005;
502;3.922E-0001;0.000E+0000;0.000E+0000;0.000E+0000;0.000E+0000;2.325E-0005;2.729E-0005;
503;3.930E-0001;0.000E+0000;0.000E+0000;0.000E+0000;0.000E+0000;2.129E-0005;2.271E-0005;
504;3.937E-0001;0.000E+0000;0.000E+0000;0.000E+0000;0.000E+0000;1.934E-0005;2.039E-0005;
505;3.945E-0001;0.000E+0000;0.000E+0000;0.000E+0000;0.000E+0000;2.001E-0005;1.929E-0005;
506;3.953E-0001;0.000E+0000;0.000E+0000;0.000E+0000;0.000E+0000;2.111E-0005;1.777E-0005;
507;3.961E-0001;0.000E+0000;0.000E+0000;0.000E+0000;0.000E+0000;2.227E-0005;1.746E-0005;
508;3.969E-0001;0.000E+0000;0.000E+0000;0.000E+0000;0.000E+0000;2.489E-0005;1.917E-0005;
509;3.977E-0001;0.000E+0000;0.000E+0000;0.000E+0000;0.000E+0000;2.740E-0005;2.234E-0005;
510;3.984E-0001;0.000E+0000;0.000E+0000;0.000E+0000;0.000E+0000;2.703E-0005;2.631E-0005;
511;3.992E-0001;0.000E+0000;0.000E+0000;0.000E+0000;0.000E+0000;2.459E-0005;2.857E-0005;
512;4.000E-0001;0.000E+0000;0.000E+0000;0.000E+0000;0.000E+0000;2.453E-0005;2.851E-0005;
Values
Channel;a [ms];b [ms];a-wave [V];b-wave [V];
1;-0.8;-0.8;;;
2;-0.8;-0.8;;;
3;-0.8;-0.8;;;
4;-0.8;-0.8;;;
5;17.2;57.9;9.59E-005;2.53E-004;
6;15.7;57.9;1.19E-004;2.87E-004;
